phase,model,rmse,mae,n
healthy,PID adaptive,8490.269480470908,1411.6391395294527,200
healthy,PID + regime,8490.269480470908,1411.6391395294527,200
mild,PID adaptive,6601.390419343873,779.3678931812833,100
mild,PID + regime,222.2037334747981,125.4128963345991,100
moderate,PID adaptive,55.648810107658925,48.417225116361905,100
moderate,PID + regime,58.2352789404546,50.14661131824241,100
severe,PID adaptive,56.34064541097816,47.43868148690561,100
severe,PID + regime,56.48962322881455,48.7720920381454,100
